{"meanKPR": 0.7099596069725758, "stddevKPR": 0.21332451293316873, "meanSPR": 0.2873156835507816, "stddevSPR": 0.11874828380431937, "meanMKPR": 0.4946808945107438, "stddevMKPR": 0.4923388711795302, "meanAPR": 0.13267749747927696, "stddevAPR": 0.07504432387044388, "meanMVPPR": 0.09996023071330404, "stddevMVPPR": 0.06592736580604815}